{
  "PATCH User" : {
    "transaction" : "PATCH User",
    "sampleCount" : 180,
    "errorCount" : 3,
    "errorPct" : 1.6666666,
    "meanResTime" : 366.5444444444444,
    "medianResTime" : 355.5,
    "minResTime" : 298.0,
    "maxResTime" : 785.0,
    "pct1ResTime" : 417.0,
    "pct2ResTime" : 434.0,
    "pct3ResTime" : 571.1599999999994,
    "throughput" : 2.9985507004947607,
    "receivedKBytesPerSec" : 2.5356884797347945,
    "sentKBytesPerSec" : 1.4846339894051208
  },
  "GET Contact List" : {
    "transaction" : "GET Contact List",
    "sampleCount" : 180,
    "errorCount" : 1,
    "errorPct" : 0.5555556,
    "meanResTime" : 307.65000000000015,
    "medianResTime" : 294.0,
    "minResTime" : 261.0,
    "maxResTime" : 814.0,
    "pct1ResTime" : 362.6,
    "pct2ResTime" : 384.4499999999999,
    "pct3ResTime" : 507.81999999999914,
    "throughput" : 3.0016509079994,
    "receivedKBytesPerSec" : 3.1187726166058,
    "sentKBytesPerSec" : 1.055267897343539
  },
  "POST Login" : {
    "transaction" : "POST Login",
    "sampleCount" : 180,
    "errorCount" : 3,
    "errorPct" : 1.6666666,
    "meanResTime" : 1169.533333333333,
    "medianResTime" : 1154.5,
    "minResTime" : 1068.0,
    "maxResTime" : 1867.0,
    "pct1ResTime" : 1226.9,
    "pct2ResTime" : 1278.6999999999998,
    "pct3ResTime" : 1827.31,
    "throughput" : 2.9600394671928956,
    "receivedKBytesPerSec" : 3.6526906296250616,
    "sentKBytesPerSec" : 1.3181425752343363
  },
  "Total" : {
    "transaction" : "Total",
    "sampleCount" : 540,
    "errorCount" : 7,
    "errorPct" : 1.2962962,
    "meanResTime" : 614.5759259259254,
    "medianResTime" : 364.5,
    "minResTime" : 261.0,
    "maxResTime" : 1867.0,
    "pct1ResTime" : 1174.0,
    "pct2ResTime" : 1212.0,
    "pct3ResTime" : 1346.2100000000005,
    "throughput" : 8.777918657953771,
    "receivedKBytesPerSec" : 9.125108073043663,
    "sentKBytesPerSec" : 3.7803341095289182
  }
}